address_id,street,city,state,zip_code
ADDR000001,43321 Brittany Bypass,North Jefferyhaven,PA,03979
ADDR000002,1559 Roman Stream,Herrerafurt,CO,72858
ADDR000003,55341 Amanda Gardens Apt. 764,Lake Mark,WI,07832
ADDR000004,884 Hurst Locks,Jeffreyberg,NY,65187
ADDR000005,845 Kelly Estate,Smithview,NY,23917
ADDR000006,52880 Burns Creek,Natashaport,IA,08093
ADDR000007,227 Joseph Well,Brandtside,WV,96174
ADDR000008,1834 Lewis Curve,Sanchezfort,AS,53855
ADDR000009,726 Joshua Gateway,South Lindseyside,CT,07131
ADDR000010,34309 Julie Centers Apt. 978,North Susan,CO,24857
ADDR000011,9826 Bobby Lakes,West Jasonbury,TN,13974
ADDR000012,30365 Lin Trail Suite 586,Sheilaville,FM,34738
ADDR000013,835 Jones Shores,Cindyville,VA,39864
ADDR000014,7738 Leon Underpass Apt. 148,Clarencebury,TX,41188
ADDR000015,20163 Linda Square Suite 083,South Dennismouth,TN,70117
ADDR000016,347 Jennifer Freeway Suite 558,East Edwardfurt,UT,20529
ADDR000017,98069 Christopher Meadow Apt. 720,Nicholasborough,NH,43341
ADDR000018,1708 Zoe Keys Apt. 100,East Mary,RI,20474
ADDR000019,7165 Zimmerman Mews,Lake Aimee,SD,35901
ADDR000020,3147 Karen Port Suite 507,Hunterborough,MI,34363
ADDR000021,313 Freeman Trace,Lake Thomas,VT,64833
ADDR000022,16719 Edward Valleys Suite 131,Obrienbury,WI,68995
ADDR000023,7974 Jesse Squares,Jacquelinemouth,CA,90597
ADDR000024,1746 Mason Park Suite 190,Navarroview,AK,12471
ADDR000025,717 Ortiz Islands Apt. 256,Robertsfurt,GU,72603
ADDR000026,597 Wolf Ford,Andreaport,NV,92022
ADDR000027,467 Sanchez Plaza Apt. 639,Port Chad,WI,54888
ADDR000028,60576 Mcneil Turnpike Apt. 702,Mollymouth,CT,69438
ADDR000029,091 Crystal Heights Apt. 161,South Garrettport,MH,04295
ADDR000030,9237 Stevens Shores,Port Stevenport,TX,72144
ADDR000031,440 Hill Port Apt. 974,New Laurie,IN,83943
ADDR000032,588 Rivas Glens,Coffeyport,WA,44897
ADDR000033,5496 Rodriguez Fort,Johnsonside,MD,80465
ADDR000034,267 Santiago Summit,Matthewsberg,FM,54880
ADDR000035,71390 Kristin Gardens,Port Anne,CA,73142
ADDR000036,02053 Smith Greens,East Judyhaven,DE,98236
ADDR000037,0076 Parks Overpass Suite 115,North David,RI,83479
ADDR000038,7365 Ross Stream,West Ronaldview,MN,20507
ADDR000039,049 Bell Ports Apt. 273,West Meganstad,DE,37013
ADDR000040,29612 Christopher Pines,South Robert,MA,21132
ADDR000041,764 Kari Crescent Suite 614,Roseport,AZ,29404
ADDR000042,60607 Michelle Ports Suite 966,Dariustown,MD,23028
ADDR000043,2181 Rebecca Keys,Jessicaberg,IA,13975
ADDR000044,527 Taylor Roads Suite 490,Williamport,NH,59734
ADDR000045,9782 Shannon Valleys,Toniland,NY,85190
ADDR000046,5905 Mark Point Suite 449,West Christopher,TN,19038
ADDR000047,4235 Lee Dam,North Kenneth,WY,13757
ADDR000048,738 Kyle Valleys Suite 359,Murrayport,WI,50553
ADDR000049,7826 Stacey Forges,Wilkersontown,MT,07481
ADDR000050,9010 Lewis Drive Suite 143,Davidbury,MT,84249
ADDR000051,518 Peter Mountains,Lake Paulstad,KS,98453
ADDR000052,772 Bryan Trail,Johnsonborough,AZ,26645
ADDR000053,541 Kim Locks,Klinefurt,MA,24987
ADDR000054,75705 Hill Turnpike Apt. 165,North Douglas,PA,89379
ADDR000055,285 Edwards Harbors,North Anthony,HI,65911
ADDR000056,518 Vance Vista Apt. 258,North Tracie,WY,18703
ADDR000057,9125 Shannon Springs Suite 289,Port Tammy,NE,66412
ADDR000058,84249 Wayne Extension Apt. 299,Meganshire,AZ,04219
ADDR000059,3647 Haley Estate Suite 677,West Catherine,MD,94658
ADDR000060,59532 Ferrell Mountain,Kochfort,AK,12303
ADDR000061,45650 Williams Points Apt. 584,South Williamside,KY,82190
ADDR000062,98259 Martin Ridges Suite 958,Ericksonport,NJ,02681
ADDR000063,962 Anthony Squares,East Andrewmouth,MT,20349
ADDR000064,585 Bishop Fields Apt. 484,West Kellie,VT,27669
ADDR000065,7473 Maria Groves,Derrickshire,IA,32280
ADDR000066,7734 Mitchell Circle,Lake Audreyside,WA,95281
ADDR000067,4788 Small Dale,Nelsonville,MA,21799
ADDR000068,46374 Turner Stream,West Desireebury,AR,88029
ADDR000069,8783 Erin Ranch Apt. 878,Christianshire,DE,08595
ADDR000070,87072 Bryant Centers Suite 406,Lisaborough,OR,10073
ADDR000071,656 Kane Lane,Millerside,DC,86161
ADDR000072,69033 Craig Bypass,Harperton,IA,97565
ADDR000073,953 Walter Shore Apt. 644,New Stacyburgh,SC,89466
ADDR000074,270 Faulkner Point Apt. 634,West Deborah,NV,49138
ADDR000075,4033 Julie Throughway,Rochaborough,MO,31870
ADDR000076,55609 Joyce Brook Suite 899,Phillipsborough,MA,30650
ADDR000077,010 Robert Ville,North Jasmine,AL,29169
ADDR000078,86211 John River Suite 546,West Susanmouth,OK,32378
ADDR000079,033 Nelson Club,Rachelshire,TN,04813
ADDR000080,856 Krystal Spurs Apt. 850,South Jesseland,MA,79821
ADDR000081,2626 Ward Course,West Seanview,CT,17868
ADDR000082,956 Kelly Loaf,Lake Rachelbury,OK,68803
ADDR000083,7154 Jennifer Park Apt. 712,Adamfurt,MA,81790
ADDR000084,6465 Sarah Flats,Lake Katrina,AK,95818
ADDR000085,058 Daniel Gateway Suite 290,Rasmussenmouth,WY,56921
ADDR000086,982 Cuevas Orchard Apt. 461,Port Sheliaberg,MI,41381
ADDR000087,282 Castro Mountain,Port Richard,HI,24931
ADDR000088,5371 Lambert Overpass,Candicefurt,OR,15473
ADDR000089,662 Reid Square,New Garrett,LA,18889
ADDR000090,7677 Christopher Burgs Apt. 404,New Keith,WI,60443
ADDR000091,361 Kenneth Bypass Suite 451,Grimesville,WI,31557
ADDR000092,9481 Sydney Turnpike Suite 042,East Dustin,MD,32948
ADDR000093,017 Horn Underpass Suite 363,Adamsport,MA,72238
ADDR000094,24241 Wright Landing Apt. 064,South Diana,VT,12976
ADDR000095,2713 Davis Valley,North Lawrenceport,DC,50665
ADDR000096,6523 Newman Gateway Suite 043,Lake Peter,SD,07653
ADDR000097,271 Brenda Bridge Suite 300,Hunterhaven,WI,54952
ADDR000098,630 Christopher Mews Apt. 799,West Elizabethburgh,DE,02161
ADDR000099,6481 Joseph Ports,South Spencerstad,AR,65985
ADDR000100,07562 Sarah Walks,New Lindachester,IN,42680
ADDR000101,4518 Smith Flats Suite 949,South Micheal,NM,26115
ADDR000102,7024 Bradley Fort,Haynesstad,NH,98529
ADDR000103,557 Hall Flats Apt. 912,East Shannonmouth,MT,16326
ADDR000104,52135 Palmer Springs,Jorgeburgh,AK,53505
ADDR000105,01372 Rebecca Village Suite 107,East Sandrachester,GU,95453
ADDR000106,8701 Reyes Manor Apt. 838,South Kimberlystad,NJ,71872
ADDR000107,13348 Kathryn Forges,Kellyburgh,HI,31506
ADDR000108,0103 Andrew Neck,West Samanthaborough,AS,17604
ADDR000109,528 Walker Radial Apt. 644,East Jessica,UT,75583
ADDR000110,0433 Michael Turnpike Apt. 006,Oconnorburgh,FM,54767
ADDR000111,52621 Matthew Ridges,Bushchester,SD,22127
ADDR000112,9872 Michael Meadow,West Madisonfort,ID,13213
ADDR000113,5270 Gonzales Greens Apt. 490,Port Heather,CT,11734
ADDR000114,72233 Brad Common,Harrisberg,MP,78495
ADDR000115,99911 Kristi Ways,Natalieview,MS,86325
ADDR000116,745 Matthew Underpass,Larryfort,PR,91751
ADDR000117,48628 Glenn Wells,Port Brian,AZ,60328
ADDR000118,2414 Paul Estates Apt. 333,Denisehaven,AK,89918
ADDR000119,7437 Byrd Views Suite 910,Annaport,ME,90208
ADDR000120,96520 Bright Green,Sullivanton,OR,93309
ADDR000121,513 Walker Well,Robertmouth,MN,34653
ADDR000122,0223 Ortiz Port Suite 252,South Marvinburgh,MD,83666
ADDR000123,6760 Amanda Street Suite 058,North Erica,SC,96655
ADDR000124,2575 Frederick Valleys Suite 033,East Jessica,OR,66644
ADDR000125,16761 Wells Drives,Lake Gina,AL,39968
ADDR000126,6420 Lozano Spurs,Riveratown,AL,88533
ADDR000127,7012 Melissa Lake Suite 611,North Melissaburgh,MA,47362
